,matched,score
0,10,0.6065306597126334
1,6,0.7613003866968737
2,4,0.5737534207374327
3,1,0.4723665527410147
4,5,0.9048374180359596
5,1,0.7744861083592838
6,3,0.530819450562014
7,3,0.7165313105737893
8,4,0.7788007830714049
9,6,0.4723665527410147
10,0,0.6589469164025854
11,2,0.7828961327286179
12,1,0.8187307530779818
13,0,0.0
14,6,0.811936346150635
15,1,0.6713682397956895
16,1,0.0
17,6,0.4856717852477124
18,4,0.6065306597126334
19,1,0.0
20,12,0.4617520257827378
21,1,0.8290291181804004
22,1,0.5894464348241792
23,3,0.6065306597126334
24,3,0.6411803884299546
25,3,0.5488116360940265
26,1,0.7788007830714049
27,1,0.8221732038814473
28,2,0.45206043879555236
29,17,0.8725252928694238
30,3,0.8290291181804004
31,1,0.7408182206817179
32,4,0.7788007830714049
33,5,0.8725252928694238
34,2,0.4532965231237058
35,1,0.8607079764250578
36,3,0.7369797929147468
37,7,0.6065306597126334
38,4,0.7046880897187134
39,6,0.6347364189402819
40,10,0.6152575700805322
41,1,0.0
42,6,0.6514390575310556
43,5,0.8337529180751806
44,4,0.8607079764250578
45,3,0.5187931656538893
46,1,0.513417119032592
47,2,0.8290291181804004
48,1,0.6592406302004438
49,3,0.8607079764250578
50,13,0.7408182206817179
51,1,0.7881276277453111
52,2,0.5538235798307587
53,2,0.7408182206817179
54,3,0.7788007830714049
55,6,0.4557940183280172
56,0,0.0
57,9,0.7903383629814982
58,2,0.7165313105737893
59,4,0.8071177470053893
60,9,0.9200444146293233
61,5,0.5795782787848095
62,4,0.7316156289466418
63,3,0.7613003866968737
64,3,0.6930406200864415
65,10,0.7165313105737893
66,11,0.8824969025845955
67,1,0.5817778142098083
68,6,0.6514390575310556
69,0,0.6347364189402818
70,4,0.7871659101981597
71,0,0.7408182206817179
72,2,0.6065306597126334
73,1,0.6872892787909722
74,0,0.5454955638202434
75,10,0.6996725373751304
76,3,0.8187307530779818
77,3,0.9048374180359596
78,4,0.6872892787909722
79,11,0.6411803884299546
80,1,0.42269216334072857
81,3,0.5769498103804866
82,2,0.846481724890614
83,3,0.7408182206817179
84,1,0.6026049086745107
85,0,0.0
86,1,0.7574651283969664
87,14,0.7408182206817179
88,11,0.8607079764250578
89,5,0.4297960674895163
90,3,0.7967034698934616
91,6,0.0
92,1,0.9355069850316178
93,10,0.7574651283969664
94,4,0.7639669352423402
95,1,0.8041666799260786
96,1,0.5866462195100318
97,1,0.3972947131977113
98,4,0.7788007830714049
99,3,0.6769542978943918
100,3,0.6951439283988787
101,1,0.4856717852477124
102,1,0.6592406302004438
103,2,0.7303103382513573
104,12,0.664870319704396
105,5,0.6376281516217733
106,17,0.6347364189402819
107,1,0.7716229467154109
108,6,0.6065306597126334
109,1,0.0
110,7,0.6872892787909722
111,2,0.876456564149045
112,1,0.7659283383646487
113,3,0.751477293075286
114,1,0.5272924240430485
115,10,0.6065306597126334
116,6,0.4856717852477124
117,2,0.7408182206817179
118,7,0.5795782787848095
119,1,0.5737534207374327
120,15,0.6065306597126334
121,1,0.5866462195100318
122,11,0.6753170840259016
123,1,0.5795782787848095
124,6,0.4895416595569531
125,4,0.6065306597126334
126,1,0.8007374029168081
127,1,0.6629132704784654
128,5,0.6872892787909722
129,2,0.6065306597126334
130,4,0.7951959897951257
131,9,0.7165313105737893
132,1,0.8007374029168081
133,6,0.5647181220077593
134,2,0.8007374029168081
135,8,1.0
136,6,0.4557940183280172
137,5,0.6951439283988787
138,4,0.530819450562014
139,1,0.5769498103804866
140,8,0.4856717852477124
141,6,0.8290291181804004
142,10,0.7470175003104326
143,2,0.7408182206817179
144,3,0.7866278610665534
145,2,0.6642538428642953
146,2,0.9048374180359595
147,15,0.4895416595569531
148,11,0.898397321348071
149,1,0.5580351457700471
150,6,0.7165313105737893
151,7,0.6065306597126334
152,1,0.5926940653906508
153,2,0.5488116360940265
154,3,0.8824969025845955
155,1,0.5801640071622538
156,0,0.0
157,3,0.6592406302004438
158,2,0.6703200460356392
159,1,0.8464817248906141
160,1,0.62970740751161
161,3,0.5769498103804866
162,6,0.4723665527410147
163,2,0.8668778997501816
164,2,0.8910233766955563
165,1,0.0
166,2,0.5454955638202436
167,3,0.530819450562014
168,2,0.4345982085070782
169,1,0.5340463066157387
170,1,0.7866278610665534
171,24,0.6347364189402819
172,1,0.8948393168143698
173,2,0.8187307530779818
174,0,0.5858102435639448
175,2,0.8364643072929833
176,2,0.817594416337444
177,1,0.6411803884299546
178,1,0.846481724890614
179,0,0.7788007830714049
180,5,0.7788007830714049
181,2,0.5427474811642219
182,7,0.6872892787909722
183,1,0.7788007830714049
184,1,0.8187307530779818
185,8,0.522045776761016
186,1,0.7303103382513573
187,1,0.6832104226749482
188,3,0.6703200460356393
189,10,0.5488116360940265
190,5,0.7574651283969664
191,6,0.6514390575310556
192,1,0.5066169923655897
193,3,0.776276309489418
194,2,0.7788007830714049
195,6,0.6065306597126334
196,1,0.8910233766955563
197,6,0.6065306597126334
198,5,0.8890097654027757
199,1,0.7046880897187134
200,3,0.44932896411722156
201,6,0.7788007830714049
202,1,0.8290291181804004
203,2,0.5278786301239431
204,3,0.7788007830714049
205,3,0.7613003866968737
206,3,0.7659283383646487
207,1,0.5647181220077592
208,4,0.8424604416167714
209,6,0.4617520257827378
210,1,0.7828961327286179
211,1,0.0
212,7,0.8607079764250578
213,1,0.0
214,3,0.6437298100815151
215,2,0.7490954336047508
216,1,0.5866462195100318
217,3,0.6703200460356392
218,0,0.36787944117144233
219,2,0.6778095780054504
220,2,0.6065306597126334
221,1,0.6270890852730562
222,1,0.6023332325109177
223,1,0.8529188173702604
224,1,0.0
225,7,0.7613003866968737
226,2,0.7165313105737893
227,2,0.8464817248906141
228,1,0.8007374029168081
229,2,0.8071177470053893
230,3,0.8410729144396827
231,3,0.7866278610665534
232,64,0.8007374029168081
233,1,0.0
234,2,0.7613003866968737
235,2,0.8071177470053893
236,2,0.8910233766955563
237,5,0.8464817248906141
238,1,0.6703200460356393
239,3,0.6872892787909722
240,3,0.7639669352423402
241,1,0.4996349480975594
242,9,0.7165313105737893
243,2,0.6065306597126334
244,5,0.6376281516217733
245,1,0.7066482778577162
246,4,0.6951439283988787
247,1,0.9200444146293233
248,2,0.7117126918713604
249,6,0.7639669352423403
250,2,0.7408182206817179
251,3,0.6897482718033084
252,1,0.0
253,1,0.571795219840349
254,2,0.6872892787909722
255,5,0.6347364189402819
256,4,0.7788007830714049
257,2,0.7117126918713604
258,3,0.5580351457700471
259,2,0.7408182206817179
260,0,0.70175799794189
261,6,0.6684606296261657
262,7,0.6347364189402819
263,1,0.6930406200864415
264,7,0.7939226578179512
265,7,0.8007374029168081
266,4,0.6466840491033322
267,4,0.6778095780054504
268,2,0.4856717852477124
269,1,0.7613003866968737
270,2,0.44683961336020994
271,1,0.0
272,1,0.5538235798307587
273,4,0.7165313105737893
274,2,0.6653730571622696
275,1,0.5066169923655897
276,3,0.6376281516217733
277,6,0.6065306597126334
278,2,0.513417119032592
279,2,0.7659283383646487
280,15,0.6514390575310556
281,2,0.7788007830714049
282,2,0.6514390575310556
283,5,0.8337529180751806
284,7,0.7613003866968737
285,1,0.7828961327286179
286,97,0.8135489302211806
287,1,0.7967034698934615
288,14,0.8519253185690063
289,1,0.8464817248906141
290,2,0.6285839333986252
291,1,0.6065306597126334
292,1,0.5427474811642219
293,0,0.0
294,6,0.645648526427892
295,6,0.7316156289466418
296,7,0.7165313105737893
297,4,0.7788007830714049
298,1,0.6411803884299546
299,8,0.6323366621862497
300,7,0.7165313105737893
301,3,0.8200313576546941
302,1,0.6872892787909722
303,3,0.8757688775902637
304,1,0.6951439283988787
305,3,0.7165313105737893
306,0,0.751477293075286
307,3,0.8410729144396827
308,2,0.7274705090242836
309,1,0.70175799794189
310,2,0.6996725373751304
311,1,0.6930406200864415
312,1,0.6065306597126334
313,3,0.6514390575310556
314,4,0.8255820166366561
315,3,0.7251124219221319
316,6,0.5647181220077593
317,6,0.5352614285189903
318,6,0.513417119032592
319,3,0.8187307530779818
320,3,0.5769498103804866
321,2,0.8574039191604412
322,3,0.8574039191604412
323,3,0.7165313105737893
324,1,0.0
325,15,0.7046880897187134
326,1,0.7046880897187134
327,2,0.7490954336047508
328,2,0.513417119032592
329,3,0.6703200460356393
330,8,0.6872892787909722
331,3,0.6951439283988787
332,2,0.5352614285189903
333,4,0.8187307530779818
334,3,0.5292133415000503
335,2,0.5327890937629326
336,6,0.6411803884299546
337,2,0.8626663555047391
338,3,0.811936346150635
339,2,0.6065306597126333
340,1,0.7046880897187134
341,3,0.7967034698934616
342,3,0.7165313105737893
343,2,0.8071177470053893
344,3,0.7939226578179512
345,0,0.0
346,2,0.6065306597126334
347,2,0.6065306597126334
348,0,0.5831015401791011
349,2,0.6996725373751304
350,4,0.8071177470053893
351,2,0.6642538428642953
352,7,0.6065306597126334
353,1,0.7165313105737893
354,3,0.8824969025845955
355,3,0.7165313105737893
356,1,0.7847231940537559
357,1,0.7165313105737893
358,3,0.645648526427892
359,1,0.6065306597126334
360,1,0.6178673543839127
361,3,0.7613003866968737
362,5,0.8101577349324267
363,4,0.9200444146293233
364,1,0.7918895663367816
365,2,0.5769498103804866
366,4,0.6466840491033322
367,7,0.6514390575310556
368,3,0.6951439283988787
369,3,0.8464817248906141
370,0,0.8464817248906141
371,1,0.6671356337677987
372,8,0.6872892787909722
373,1,0.4996349480975594
374,1,0.4427213051974649
375,1,0.6853827910309876
376,2,0.5352614285189903
377,0,0.0
378,7,0.8574039191604412
379,0,0.6233000389188902
380,1,0.7165313105737893
381,2,0.8187307530779818
382,2,0.6703200460356393
383,9,0.5028315779709409
384,4,0.7033843193421739
385,14,0.7408182206817179
386,6,0.7827844101269198
387,1,0.6930406200864415
388,1,0.6411803884299546
389,1,0.8847510441513589
390,4,0.8071177470053893
391,3,0.6648703197043959
392,2,0.8464817248906141
393,7,0.6807123983233854
394,1,0.7574651283969664
395,8,0.7165313105737893
396,5,0.6951439283988787
397,3,0.6065306597126334
398,0,0.0
399,6,0.6592406302004438
400,2,0.8464817248906141
401,0,0.0
402,7,0.6778095780054504
403,2,0.7613003866968737
404,7,0.7165313105737893
405,3,0.5299775483586843
406,8,0.6872892787909722
407,6,0.6514390575310556
408,10,0.6807123983233854
409,1,0.7074036474040617
410,1,0.4723665527410147
411,0,0.0
412,1,0.7046880897187134
413,1,0.5795782787848095
414,22,0.645648526427892
415,1,0.6411803884299546
416,10,0.7738244372262366
417,6,0.5187931656538893
418,9,0.8187307530779818
419,1,0.7408182206817179
420,1,0.8910233766955563
421,2,0.5134171190325921
422,4,0.6065306597126334
423,3,0.8607079764250578
424,2,0.5091564206075492
425,2,0.6703200460356393
426,15,0.7408182206817179
427,4,0.7316156289466418
428,3,0.8187307530779818
429,2,0.8106843242768653
430,9,0.7680588747907543
431,6,0.6514390575310556
432,2,0.8187307530779818
433,2,0.7274705090242836
434,1,0.6065306597126334
435,3,0.6872892787909722
436,3,0.7235906755307153
437,3,0.7852459942969526
438,8,0.4965853037914095
439,2,0.7818019384516086
440,3,0.6703200460356393
441,9,0.7788007830714049
442,7,0.7613003866968737
443,4,0.4723665527410147
444,2,0.7744861083592838
445,1,0.0
446,2,0.43739304269062246
447,8,0.6872892787909722
448,1,0.0
449,1,0.5427474811642219
450,1,0.8041666799260786
451,2,0.6872892787909722
452,4,0.6951439283988787
453,3,0.5580351457700471
454,2,0.6703200460356393
455,3,0.7251124219221319
456,2,0.6642538428642953
457,5,0.522045776761016
458,2,0.6642538428642953
459,3,0.7939226578179512
460,1,0.9131007162822623
461,1,0.846481724890614
462,10,0.7165313105737893
463,3,0.6604625772655566
464,2,0.7046880897187134
465,4,0.7788007830714049
466,2,0.4856717852477124
467,2,0.893825334694244
468,3,0.7408182206817179
469,0,0.7639669352423402
470,2,0.7639669352423402
471,0,0.0
472,12,0.6065306597126334
473,1,0.0
474,0,0.0
475,3,0.8607079764250578
476,0,0.8824969025845955
477,4,0.825052966980536
478,5,0.6347364189402819
479,1,0.6592406302004438
480,1,0.6065306597126334
481,1,0.7788007830714049
482,1,0.5801640071622538
483,5,0.6951439283988787
484,1,0.6778095780054504
485,0,0.532927104147801
486,5,0.8187307530779818
487,0,0.7470175003104326
488,3,0.7165313105737893
489,1,0.6268594243764208
490,2,0.6778095780054504
491,5,0.8464817248906141
492,1,0.5538235798307587
493,1,0.569782824730923
494,3,0.6807123983233854
495,1,0.8464817248906141
496,3,0.5647181220077593
497,5,0.942873143854875
498,1,0.0
499,3,0.6065306597126334
500,3,0.645648526427892
501,1,0.6026049086745107
502,1,0.7809432873150677
503,0,0.6592406302004438
504,1,0.6778095780054503
505,14,0.6951439283988787
506,1,0.7788007830714049
507,0,0.0
508,1,0.6778095780054504
509,6,0.5292133415000503
510,1,0.5427474811642219
511,2,0.8556925346610108
512,3,0.7659283383646487
513,1,0.5574315383159291
514,2,0.5769498103804866
515,2,0.7165313105737893
516,2,0.4723665527410147
517,4,0.7788007830714049
518,3,0.6411803884299546
519,2,0.7303103382513573
520,9,0.645648526427892
521,3,0.811936346150635
522,6,0.7408182206817179
523,3,0.513417119032592
524,6,0.8824969025845955
525,1,0.0
526,2,0.8772595476606083
527,3,0.8725252928694238
528,4,0.6872892787909722
529,4,0.811936346150635
530,1,0.6751251871527362
531,3,0.6703200460356393
532,3,0.8290291181804004
533,1,0.7744861083592838
534,2,0.6703200460356393
535,1,0.0
536,6,0.9048374180359595
537,3,0.7613003866968737
538,4,0.751477293075286
539,1,0.6270890852730562
540,1,0.0
541,1,0.7650170614485747
542,3,0.8757688775902637
543,2,0.7788007830714049
544,2,0.5647181220077593
545,4,0.7470175003104326
546,1,0.8607079764250578
547,2,0.7613003866968737
548,1,0.5728434234331229
549,3,0.8824969025845955
550,1,0.7165313105737893
551,3,0.7274705090242836
552,2,0.7828961327286179
553,9,0.5795782787848095
554,2,0.6347364189402819
555,1,0.8464817248906141
556,1,0.6703200460356393
557,5,0.6550282443857736
558,8,0.7788007830714049
559,3,0.5278786301239432
560,3,0.7165313105737893
561,12,0.8824969025845955
562,6,0.8145428811424836
563,1,0.8187307530779818
564,2,0.6592406302004438
565,2,0.8740520209016968
566,2,0.7788007830714049
567,1,0.6592406302004438
568,2,0.5852511043074122
569,1,0.4783081925340841
570,2,0.5183301641981067
571,1,0.7788007830714049
572,1,0.6592406302004438
573,3,0.6065306597126334
574,8,0.5580351457700471
575,1,0.0
576,4,0.7470175003104326
577,7,0.6411803884299546
578,2,0.8607079764250578
579,3,0.6537697851298473
580,23,0.8574039191604412
581,6,0.7451888170134805
582,1,0.7574651283969664
583,3,0.6832104226749482
584,1,0.6872892787909722
585,1,0.6391481226588179
586,3,0.7967034698934616
587,2,0.5866462195100318
588,3,0.5200417647285799
589,2,0.7542350048231139
590,2,0.8041666799260786
591,1,0.0
592,1,0.0
593,0,0.751477293075286
594,2,0.7542350048231139
595,29,0.8574039191604412
596,5,0.7788007830714049
597,4,0.8007374029168081
598,12,0.7788007830714049
599,1,0.7435670792059064
600,1,0.751477293075286
601,1,0.6778095780054504
602,2,0.7799537077804287
603,6,0.6065306597126334
604,3,0.7574651283969664
605,4,0.6065306597126334
606,3,0.6872892787909722
607,1,0.6241100453532709
608,2,0.8574039191604412
609,0,0.0
610,7,0.8464817248906141
611,3,0.6550282443857736
612,25,0.6376281516217733
613,2,0.5728434234331229
614,3,0.7351414805916845
615,1,0.6065306597126334
616,9,0.7165313105737893
617,2,0.7408182206817179
618,1,0.0
619,3,0.6872892787909722
620,20,0.5795782787848095
621,2,0.6065306597126334
622,3,0.613307468482495
623,3,0.7046880897187134
624,2,0.6065306597126334
625,5,0.6951439283988787
626,6,0.8324906126116027
627,1,0.9487294800164372
628,1,0.6241100453532709
629,2,0.8221732038814473
630,2,0.8464817248906141
631,0,0.0
632,1,0.6411803884299546
633,1,0.6951439283988787
634,3,0.7659283383646487
635,4,0.7788007830714049
636,3,0.6872892787909722
637,26,0.7613003866968737
638,13,0.5769498103804866
639,9,0.5769498103804866
640,1,0.9200444146293233
641,1,0.8088666471820897
642,3,0.7046880897187134
643,1,0.6026049086745107
644,0,0.43980291563425605
645,1,0.6778095780054504
646,1,0.4667764816516814
647,7,0.8337529180751805
648,4,0.7788007830714049
649,9,0.5795782787848095
650,2,0.6376281516217733
651,5,0.6330898921891813
652,1,0.7408182206817179
653,2,0.7165313105737893
654,4,0.8607079764250578
655,2,0.5278786301239431
656,4,0.6807123983233854
657,3,0.6872892787909722
658,7,0.7613003866968737
659,4,0.8725252928694238
660,2,0.751477293075286
661,2,0.7303103382513573
662,4,0.4832250811898254
663,3,0.6098724180024643
664,6,0.6592406302004438
665,8,0.6778095780054504
666,8,0.7788007830714049
667,4,0.6411803884299546
668,2,0.7788007830714049
669,1,0.6703200460356393
670,2,0.6065306597126334
671,3,0.6065306597126334
672,2,0.6405819933372159
673,1,0.6241100453532709
674,3,0.7046880897187134
675,1,0.9048374180359595
676,1,0.0
677,4,0.6065306597126334
678,7,0.7639669352423403
679,2,0.7408182206817179
680,4,0.7165313105737893
681,6,0.5352614285189903
682,1,0.6930406200864415
683,1,0.6592406302004437
684,7,0.6065306597126334
685,1,0.0
686,4,0.5632261331224592
687,1,0.0
688,2,0.7046880897187134
689,1,0.5899144351448397
690,6,0.513417119032592
691,2,0.513417119032592
692,1,0.0
693,0,0.8464817248906141
694,0,0.0
695,2,0.6872892787909722
696,1,0.6778095780054504
697,1,0.8232919154257804
698,4,0.7639669352423402
699,3,0.5647181220077593
700,1,0.6703200460356393
701,0,0.0
702,2,0.5488116360940265
703,2,0.7574651283969664
704,1,0.6671356337677987
705,2,0.6411803884299546
706,6,0.6872892787909722
707,2,0.7788007830714049
708,15,0.5647181220077593
709,2,0.6514390575310556
710,2,0.8607079764250578
711,7,0.6653730571622696
712,1,0.8464817248906141
713,8,0.7788007830714049
714,6,0.6514390575310556
715,5,0.6732729930152447
716,3,0.7574651283969664
717,5,0.7732577404831906
718,2,0.536750332785653
719,26,0.6065306597126334
720,1,0.49474950069645335
721,0,0.0
722,2,0.8948393168143698
723,2,0.7046880897187134
724,7,0.9131007162822623
725,2,0.8607079764250578
726,5,0.9048374180359595
727,2,0.6065306597126334
728,3,0.5257880244257798
729,27,0.6347364189402819
730,10,0.7788007830714049
731,2,0.7408182206817179
732,2,0.5488116360940265
733,9,0.5008953786814568
734,3,0.7316156289466418
735,1,0.6411803884299546
736,3,0.6065306597126334
737,4,0.7351414805916845
738,2,0.8187307530779818
739,2,0.5769498103804866
740,1,1.0
741,1,0.8007374029168081
742,0,0.0
743,8,0.5028315779709409
744,1,0.7408182206817179
745,2,0.6065306597126334
746,5,0.513417119032592
747,6,0.4723665527410147
748,1,0.0
749,1,0.8187307530779818
750,8,0.8464817248906141
751,1,0.6065306597126334
752,9,0.7165313105737893
753,1,0.8290291181804004
754,1,0.5808462246344699
755,1,0.0
756,1,0.8187307530779818
757,20,0.6065306597126334
758,9,0.513417119032592
759,1,0.6872892787909722
760,1,0.8187307530779818
761,2,0.7251124219221319
762,1,0.6872892787909722
763,6,0.8007374029168081
764,5,0.9108898197456121
765,3,0.6065306597126334
766,4,0.513417119032592
767,2,0.6642538428642953
768,33,0.811936346150635
769,3,0.7274705090242836
770,4,0.522045776761016
771,1,0.5292133415000503
772,8,0.7165313105737893
773,8,0.6872892787909722
774,3,0.7046880897187134
775,8,0.6872892787909722
776,1,0.5647181220077592
777,1,0.7254322068880292
778,1,0.0
779,2,0.5929013373120886
780,2,0.5769498103804866
781,1,0.7165313105737893
782,1,0.0
783,3,0.7251124219221319
784,4,0.8668778997501816
785,5,0.6872892787909722
786,4,0.751477293075286
787,6,0.7574651283969664
788,3,0.6514390575310556
789,0,0.0
790,3,0.6065306597126334
791,3,0.6065306597126334
792,16,0.7408182206817179
793,6,0.6514390575310556
794,4,0.8187307530779818
795,1,0.6065306597126334
796,1,0.6411803884299546
797,1,0.7165313105737893
798,0,0.7408182206817179
799,7,0.5538235798307587
800,1,0.6592406302004438
801,5,0.7274705090242836
802,1,0.0
803,1,0.6872892787909722
804,3,0.8187307530779818
805,7,0.6065306597126334
806,3,0.8464817248906141
807,2,0.6514390575310556
808,5,0.6951439283988787
809,5,0.8007374029168081
810,4,0.5327890937629326
811,7,0.50041992036057
812,10,0.7408182206817179
813,1,0.7939226578179512
814,4,0.7788007830714049
815,2,0.507341248128484
816,1,0.6023332325109177
817,2,0.6065306597126334
818,3,0.7046880897187134
819,1,0.49474950069645335
820,2,0.7046880897187134
821,1,0.6411803884299546
822,3,0.6642538428642953
823,5,0.9048374180359595
824,6,0.6807123983233854
825,6,0.7788007830714049
826,4,0.811936346150635
827,1,0.6778095780054504
828,1,0.5352614285189903
829,4,0.513417119032592
830,1,0.0
831,3,0.7351414805916845
832,3,0.8187307530779818
833,3,0.7408182206817179
834,4,0.7408182206817179
835,1,0.7165313105737893
836,1,0.8290291181804004
837,1,0.8187307530779818
838,4,0.7274705090242836
839,1,0.5769498103804866
840,3,0.48954165955695317
841,1,0.7967034698934616
842,4,0.7165313105737893
843,1,0.8824969025845955
844,2,0.7828961327286179
845,2,0.6323366621862498
846,6,0.6065306597126334
847,33,0.5616237838971456
848,2,0.96491594437237
849,0,0.6592406302004438
850,4,0.9048374180359596
851,1,0.0
852,6,0.6872892787909722
853,2,0.5769498103804866
854,1,0.7165313105737893
855,8,0.6376281516217733
856,3,0.8071177470053893
857,3,0.8305108499010163
858,1,0.7408182206817179
859,3,0.6502768115282406
860,2,0.751477293075286
861,1,0.6065306597126334
862,3,0.5015760690660555
863,20,0.6065306597126334
864,3,0.6996725373751304
865,3,0.4856717852477124
866,2,0.7454954159875613
867,3,0.8145428811424836
868,7,0.7351414805916845
869,1,0.0
870,5,0.8464817248906141
871,1,0.6270890852730562
872,3,0.8187307530779818
873,1,0.6592406302004438
874,1,0.8464817248906141
875,3,0.7408182206817179
876,1,0.6376281516217733
877,2,0.5488116360940265
878,1,0.5737534207374327
879,1,0.8106843242768653
880,15,0.6996725373751304
881,2,0.5795782787848095
882,7,0.5114760358329056
883,2,0.7967034698934616
884,14,0.8824969025845955
885,2,0.5580351457700471
886,0,0.6592406302004438
887,1,0.5488116360940265
888,3,0.8071177470053893
889,0,0.0
890,3,0.7989237289412772
891,0,0.5964220513448921
892,4,0.7408182206817179
893,2,0.7408182206817179
894,1,0.645648526427892
895,3,0.7408182206817179
896,3,0.7408182206817179
897,5,0.5769498103804866
898,4,0.6592406302004438
899,0,0.0
900,3,0.8071177470053893
901,1,0.8232919154257804
902,2,0.7274705090242836
903,7,0.5737534207374327
904,2,0.7788007830714049
905,2,0.4532965231237058
906,8,0.6065306597126334
907,1,0.7046880897187134
908,1,0.595795886519135
909,1,0.7788007830714049
910,1,0.5557148366635714
911,1,0.7408182206817179
912,6,0.8725252928694238
913,6,0.8071177470053893
914,3,0.6996725373751304
915,3,0.7967034698934616
916,1,0.951229424500714
917,1,0.6065306597126334
918,11,0.6347364189402819
919,15,0.7408182206817179
920,9,0.6323366621862497
921,6,0.7788007830714049
922,1,0.0
923,1,0.6023332325109177
924,5,0.5427474811642219
925,3,0.7165313105737893
926,3,0.5989962148511054
927,1,0.0
928,10,0.5852511043074123
929,1,0.5737534207374327
930,1,0.5557148366635714
931,1,0.6065306597126334
932,1,0.40181451356699277
933,2,0.4723665527410147
934,3,0.8337529180751806
935,3,0.6411803884299546
936,1,0.48030530108979935
937,3,0.751477293075286
938,1,0.6411803884299546
939,3,0.876456564149045
940,3,0.8600251458568196
941,2,0.751477293075286
942,2,0.8725252928694238
943,3,0.8607079764250578
944,2,0.551431257080004
945,1,0.44932896411722156
946,3,0.7351414805916845
947,1,0.6778095780054503
948,6,0.6347364189402819
949,4,0.7967034698934616
950,1,0.7165313105737893
951,4,0.6642538428642953
952,2,0.7097395956891255
953,1,0.8439205113410843
954,1,0.5674136687970038
955,4,0.6303131865967198
956,7,0.9200444146293233
957,2,0.7046880897187134
958,7,0.6065306597126334
959,3,0.7117126918713604
960,17,0.7408182206817179
961,0,0.8265654376242381
962,8,0.6343666336790046
963,0,0.6787516342514144
964,4,0.8187307530779818
965,6,0.6065306597126334
966,2,0.5769498103804866
967,7,0.9200444146293233
968,3,0.8751733190429475
969,15,0.5404329964865341
970,1,0.4856717852477124
971,2,0.6270890852730562
972,4,0.8948393168143698
973,2,0.6703200460356393
974,3,0.0
975,5,0.6065306597126334
976,2,0.7316156289466418
977,6,0.5647181220077593
978,4,0.645648526427892
979,8,0.8337529180751806
980,1,0.5866462195100318
981,2,0.6671356337677987
982,1,0.751477293075286
983,3,0.6872892787909722
984,2,0.8007374029168081
985,5,0.8464817248906141
986,1,0.7574651283969664
987,1,0.811936346150635
988,8,0.5769498103804866
989,2,0.6537697851298473
990,1,0.705247587974144
991,1,0.6065306597126334
992,2,0.5488116360940265
993,6,0.7165313105737893
994,3,0.6872892787909722
995,4,0.9487294800164372
996,2,0.6065306597126334
997,8,0.7788007830714049
998,1,0.8464817248906141
999,4,0.7165313105737893
1000,1,0.8668778997501816
1001,3,0.6514390575310556
1002,1,0.0
1003,3,0.7408182206817179
1004,2,0.7828961327286179
1005,1,0.0
1006,1,0.8515353321631064
1007,1,0.0
1008,4,0.7788007830714049
1009,16,0.5769498103804866
1010,1,0.7788007830714049
1011,1,0.5427474811642219
1012,3,0.751477293075286
1013,6,0.9277434863285529
1014,1,0.8187307530779818
1015,2,0.8071177470053893
1016,2,0.951229424500714
1017,3,0.9200444146293233
1018,12,0.7788007830714049
1019,1,0.8529188173702604
1020,9,0.6807123983233854
1021,2,0.7490954336047508
1022,2,0.6385949871480001
1023,1,0.8607079764250578
1024,5,0.6065306597126334
1025,3,0.6065306597126334
1026,1,0.0
1027,1,0.7265525652861898
1028,1,0.5352614285189903
1029,1,0.571795219840349
1030,3,0.5449055200013082
1031,2,0.7225273536420722
1032,2,0.7274705090242836
1033,6,0.8607079764250578
1034,2,0.7225273536420722
1035,4,0.6317991894925821
1036,2,0.8157040254665104
1037,2,0.8607079764250578
1038,3,0.5538235798307587
1039,9,0.6347364189402819
1040,7,0.6642538428642953
1041,8,0.6411803884299546
1042,1,0.7828961327286179
1043,1,0.6065306597126334
1044,2,0.7744861083592838
1045,2,0.8007374029168081
1046,7,0.4617520257827378
1047,3,0.6376281516217733
1048,4,0.8015933487497432
1049,10,0.6152575700805322
1050,2,0.4856717852477124
1051,8,0.6303131865967198
1052,4,0.42437284567695
1053,1,0.7244706348964071
1054,5,0.5769498103804866
1055,0,0.751477293075286
1056,1,0.7165313105737893
1057,1,0.6270890852730562
1058,12,0.6376281516217733
1059,3,0.6411803884299546
1060,6,0.6065306597126334
1061,1,0.7744861083592838
1062,6,0.7165313105737893
1063,5,0.8071177470053893
1064,0,0.0
1065,4,0.8119363461506349
1066,1,0.6778095780054504
1067,12,0.6778095780054503
1068,1,0.8106843242768653
1069,2,0.7574651283969664
1070,3,0.8119363461506349
1071,4,0.6065306597126334
1072,4,0.8410729144396827
1073,3,0.8835481197356343
1074,3,0.7788007830714049
1075,4,0.7827844101269197
1076,1,0.6026049086745107
1077,4,0.5737534207374327
1078,1,0.7788007830714049
1079,4,0.6778095780054504
1080,2,0.6065306597126333
1081,4,0.645648526427892
1082,1,0.5737534207374327
1083,3,0.8187307530779818
1084,2,0.7613003866968737
1085,3,0.8071177470053893
1086,4,0.6592406302004438
1087,8,0.5942779360380507
1088,3,0.8337529180751806
1089,5,0.7822240777169769
1090,3,0.8026951951038636
1091,8,0.6065306597126334
1092,1,0.513417119032592
1093,1,0.8824969025845955
1094,7,0.6951439283988787
1095,9,0.7165313105737893
1096,6,0.6778095780054504
1097,1,0.7316156289466418
1098,1,0.0
1099,1,0.613307468482495
1100,6,0.6411803884299546
1101,2,0.6872892787909722
1102,1,0.5352614285189903
1103,3,0.6703200460356392
1104,2,0.8804935052562111
1105,1,0.5687662633152997
1106,1,0.5257880244257798
1107,1,0.8607079764250578
1108,1,0.7074036474040617
1109,2,0.7408182206817179
1110,11,0.6065306597126334
1111,5,0.8255820166366561
1112,0,0.571795219840349
1113,2,0.5866462195100318
1114,2,0.8187307530779818
1115,1,0.8643017414713641
1116,7,0.6951439283988787
1117,12,0.7788007830714049
1118,9,0.6807123983233854
1119,1,0.7165313105737893
1120,9,0.6642538428642953
1121,1,0.0
1122,1,0.6065306597126334
1123,1,0.0
1124,2,0.8290291181804004
1125,2,0.7454954159875613
1126,4,0.7939226578179512
1127,2,0.6703200460356393
1128,3,0.8071177470053893
1129,3,0.8071177470053893
1130,1,0.6241100453532709
1131,17,0.4856717852477124
1132,5,0.6913924862146799
1133,1,0.8607079764250578
1134,10,0.6347364189402819
1135,8,0.6411803884299546
1136,1,0.0
1137,1,0.7744861083592838
1138,3,0.7408182206817179
1139,1,0.6411803884299546
1140,2,0.7274705090242836
1141,1,0.6241100453532709
1142,2,0.513417119032592
1143,1,0.6411803884299546
1144,0,0.0
1145,3,0.8187307530779818
1146,2,0.7788007830714049
1147,2,0.7303103382513573
1148,1,0.6065306597126334
1149,1,0.8290291181804004
1150,0,0.6592406302004438
1151,4,0.8824969025845955
1152,7,0.6807123983233854
1153,5,0.7672387372554924
1154,8,0.5538235798307587
1155,4,0.8574039191604412
1156,12,0.7788007830714049
1157,6,0.8725252928694238
1158,6,0.49836199350523713
1159,32,0.811936346150635
1160,3,0.6483443410015097
1161,1,0.6065306597126334
1162,1,0.6411803884299546
1163,4,0.8607079764250578
1164,1,0.6592406302004438
1165,2,0.6807123983233854
1166,2,0.8187307530779818
1167,4,0.7233322349088317
1168,7,0.7639669352423403
1169,2,0.830950389901292
1170,3,0.513417119032592
1171,1,0.6872892787909722
1172,10,0.6065306597126334
1173,3,0.6065306597126334
1174,3,0.6653730571622696
1175,1,0.6703200460356393
1176,4,0.5454955638202436
1177,1,0.0
1178,1,0.5866462195100318
1179,1,0.4723665527410147
1180,2,0.5737534207374327
1181,3,0.8910233766955563
1182,1,0.6065306597126334
1183,1,0.0
1184,1,0.8290291181804004
1185,1,0.6930406200864415
1186,1,0.6270890852730562
1187,2,0.7251124219221319
1188,10,0.7574651283969664
1189,2,0.7542350048231139
1190,1,0.6671356337677986
1191,3,0.6703200460356393
1192,1,0.7408182206817179
1193,1,0.8187307530779818
1194,2,0.6065306597126334
1195,2,0.7613003866968737
1196,3,0.0
1197,1,0.0
1198,8,0.5538235798307587
1199,1,0.7367139751383992
1200,1,0.696901560658112
1201,4,0.6703200460356393
1202,1,0.6671356337677987
1203,1,0.6241100453532709
1204,1,0.6023332325109177
1205,2,0.7408182206817179
1206,4,0.7165313105737893
1207,10,0.6361117952584975
1208,3,0.7165313105737893
1209,1,0.0
1210,3,0.7408182206817179
1211,2,0.8668778997501816
1212,15,0.6411803884299546
1213,2,0.7408182206817179
1214,1,0.6592406302004438
1215,5,0.8574039191604413
1216,4,0.9200444146293233
1217,2,0.5272924240430485
1218,1,0.8187307530779818
1219,6,0.8782094766936227
1220,1,0.7165313105737893
1221,13,0.6872892787909722
1222,3,0.7788007830714049
1223,8,0.8920030614530944
1224,0,0.0
1225,3,0.7788007830714049
1226,1,0.8824969025845955
1227,1,0.5352614285189903
1228,0,0.4651915036129888
1229,3,0.7408182206817179
1230,3,0.7788007830714049
1231,3,0.5488116360940265
1232,6,0.6872892787909722
1233,2,0.6211451576154515
1234,1,0.0
1235,2,0.6065306597126334
1236,1,0.8464817248906141
1237,3,0.8607079764250578
1238,1,0.6703200460356393
1239,8,0.6036492843382384
1240,8,0.8150176948166803
1241,3,0.8464817248906141
1242,2,0.5580351457700471
1243,3,0.9131007162822623
1244,2,0.8464817248906141
1245,14,0.4617520257827378
1246,1,0.6065306597126334
1247,1,0.0
1248,1,0.5795782787848095
1249,1,0.6241100453532709
1250,7,0.5795782787848095
1251,1,0.0
1252,6,0.6065306597126334
1253,1,0.6996725373751304
1254,1,0.6065306597126334
1255,6,0.6065306597126334
1256,10,0.5852511043074123
1257,2,0.751477293075286
1258,3,0.8071177470053893
1259,4,1.0
1260,2,0.5352614285189903
1261,1,0.5216316190859905
1262,2,0.5272924240430485
1263,19,0.6323366621862497
1264,0,0.0
1265,1,0.0
1266,1,0.0
1267,9,0.6514390575310556
1268,2,0.6411803884299546
1269,1,0.5352614285189903
1270,11,0.6778095780054504
1271,1,0.0
1272,6,0.6592406302004438
1273,1,0.751477293075286
1274,3,0.6951439283988787
1275,6,0.7532686564546568
1276,4,0.513417119032592
1277,2,0.6065306597126334
1278,3,0.6951439283988787
1279,7,0.6065306597126334
1280,2,0.6592406302004438
1281,1,0.8187307530779818
1282,3,0.5769498103804866
1283,12,0.7788007830714049
1284,6,0.6872892787909722
1285,6,0.50041992036057
1286,7,0.925961078642316
1287,6,0.6872892787909722
1288,1,0.0
1289,3,0.6872892787909722
1290,5,0.6951439283988787
1291,4,0.8824969025845955
1292,4,0.7788007830714049
1293,5,0.5538235798307587
1294,13,0.6807123983233854
1295,1,0.6065306597126334
1296,2,0.4965853037914095
1297,1,0.6411803884299546
1298,2,0.5580351457700471
1299,1,0.7738244372262367
1300,5,0.846481724890614
1301,3,0.7408182206817179
1302,1,0.7788007830714049
1303,2,0.5580351457700471
1304,2,0.6703200460356393
1305,7,0.9200444146293233
1306,2,0.7788007830714049
1307,7,0.4856717852477124
1308,3,0.9131007162822623
1309,19,0.7613003866968737
1310,6,0.5795782787848095
1311,6,0.513417119032592
1312,1,0.6592406302004438
1313,5,0.6703200460356393
1314,1,0.8106843242768653
1315,3,0.7316156289466418
1316,1,0.7716229467154109
1317,2,0.5589849925975442
1318,7,0.6065306597126334
1319,3,0.6542652529235952
1320,6,0.6514390575310556
1321,5,0.6065306597126334
1322,2,0.8464817248906141
1323,14,0.844314039201216
1324,2,0.8232919154257804
1325,6,0.771622946715411
1326,10,0.7165313105737893
1327,4,0.6065306597126334
1328,1,0.7650170614485747
1329,0,0.0
1330,2,0.4226921633407286
1331,6,0.5737534207374327
1332,1,0.46974957024142655
1333,3,0.4723665527410147
1334,3,0.513417119032592
1335,3,0.513417119032592
1336,1,0.6270890852730562
1337,1,0.8290291181804004
1338,1,0.0
1339,1,0.751477293075286
1340,7,0.9200444146293233
1341,1,0.8464817248906141
1342,3,0.8071177470053893
1343,2,0.6872892787909722
1344,1,0.8007374029168081
1345,22,0.8574039191604412
1346,2,0.6411803884299546
1347,11,0.7470175003104326
1348,1,0.6065306597126334
1349,1,0.0
1350,4,0.8101577349324267
1351,6,0.5647181220077593
1352,3,0.8337529180751806
1353,1,0.0
1354,4,0.6592406302004438
1355,8,0.513417119032592
1356,5,0.8910233766955563
1357,6,0.9200444146293233
1358,4,0.8757688775902637
1359,1,0.6270890852730562
1360,27,0.8574039191604412
1361,6,0.7074036474040617
1362,4,0.7788007830714049
1363,1,0.5488116360940265
1364,8,0.6065306597126334
1365,1,0.6065306597126334
1366,1,0.6703200460356393
1367,1,0.7716229467154109
1368,6,0.6514390575310556
1369,1,0.0
1370,1,0.532927104147801
1371,1,0.7939226578179512
1372,1,0.7165313105737893
1373,13,0.8290291181804004
1374,1,0.7046880897187134
1375,1,0.7828961327286179
1376,3,0.6065306597126334
1377,6,0.5257880244257798
1378,2,0.876456564149045
1379,0,0.8668778997501816
1380,0,0.0
1381,2,0.5237056983433003
1382,2,0.8948393168143698
1383,2,0.4723665527410147
1384,4,0.8725252928694238
1385,0,0.645648526427892
1386,3,0.6550282443857736
1387,2,0.7165313105737893
1388,6,0.7165313105737893
1389,4,0.7165313105737893
1390,2,0.5632261331224592
1391,11,0.7613003866968737
1392,2,0.8464817248906141
1393,1,0.5488116360940265
1394,3,0.7542350048231139
1395,1,0.6065306597126334
1396,1,0.7303103382513573
1397,5,1.0
1398,1,0.0
1399,5,0.7903383629814982
1400,2,0.6514390575310556
1401,2,0.7744861083592838
1402,14,0.6872892787909722
1403,1,0.6385949871480001
1404,2,0.7165313105737893
1405,8,0.9048374180359595
1406,6,0.4895416595569531
1407,2,0.6347364189402819
1408,2,0.6034439963673086
1409,2,0.5795782787848095
1410,0,0.8410729144396827
1411,1,0.5769498103804866
1412,11,0.8824969025845955
1413,4,0.6703200460356393
1414,3,0.5769498103804866
1415,1,0.751477293075286
1416,3,0.925961078642316
1417,0,0.6787516342514144
1418,2,0.513417119032592
1419,1,0.8007374029168081
1420,0,0.0
1421,1,0.8824969025845955
1422,0,0.0
1423,3,0.825052966980536
1424,3,0.7408182206817179
1425,17,0.7788007830714049
1426,1,0.6065306597126334
1427,3,0.8668778997501816
1428,1,0.0
1429,4,0.6778095780054504
1430,6,0.7470175003104326
1431,0,0.0
1432,17,0.6347364189402819
1433,1,0.8532265636477703
1434,2,0.6065306597126334
1435,1,0.8187307530779818
1436,5,0.6376281516217733
1437,2,0.6385949871480001
1438,14,0.9048374180359595
1439,1,0.0
1440,1,0.7650170614485747
1441,8,0.8668778997501816
1442,6,0.6323366621862497
1443,1,0.8187307530779818
1444,3,0.6853827910309878
1445,3,0.7788007830714049
1446,7,0.8187307530779818
1447,1,0.6671356337677987
1448,4,0.7046880897187134
1449,2,0.6703200460356393
1450,2,0.5488116360940265
1451,4,0.8607079764250578
1452,1,0.7435670792059064
1453,2,0.6065306597126334
1454,3,0.7613003866968737
1455,4,0.8668778997501816
1456,2,0.751477293075286
1457,1,0.6270890852730562
1458,1,0.7866278610665535
1459,6,0.6065306597126334
1460,1,0.7744861083592838
1461,12,0.6376281516217733
1462,1,0.7639669352423402
1463,2,0.6703200460356392
1464,3,0.522045776761016
1465,3,0.6592406302004438
1466,3,0.8574039191604412
1467,1,0.0
1468,21,0.6152575700805322
1469,6,0.6514390575310556
1470,4,0.522045776761016
1471,2,0.751477293075286
1472,1,0.8910233766955563
1473,3,0.6065306597126334
1474,3,0.4280630211831759
1475,9,0.7165313105737893
1476,5,0.6951439283988787
1477,1,0.0
1478,2,0.6065306597126334
1479,3,0.3972947131977113
1480,1,0.0
1481,4,0.8464817248906141
1482,3,0.7046880897187134
1483,8,0.4856717852477123
1484,2,0.898397321348071
1485,4,0.7707303812317476
1486,11,0.7639669352423402
1487,3,0.697676326071031
1488,4,0.6872892787909722
1489,1,0.7046880897187134
1490,1,0.5488116360940265
1491,1,0.8861410690724997
1492,6,0.6751251871527363
1493,2,0.751477293075286
1494,1,0.5866462195100318
1495,1,0.7574651283969664
1496,2,0.8187307530779818
1497,6,0.6514390575310556
1498,2,0.5327890937629326
1499,10,1.0
1500,6,0.6065306597126334
1501,1,0.7046880897187134
1502,1,0.6592406302004438
1503,2,0.8290291181804004
1504,3,0.7788007830714049
1505,6,0.6411803884299546
1506,3,0.569782824730923
1507,1,0.8464817248906141
1508,2,0.6065306597126334
1509,0,0.5454955638202434
1510,3,0.8607079764250578
1511,1,0.8607079764250578
1512,8,0.8607079764250578
1513,7,0.7165313105737893
1514,1,0.645648526427892
1515,2,0.8464817248906141
1516,9,0.6642538428642953
1517,4,0.7788007830714049
1518,1,0.7254322068880292
1519,1,0.0
1520,6,0.4617520257827378
1521,6,0.4895416595569531
1522,30,0.5352614285189902
1523,2,0.6787516342514144
1524,3,0.6653730571622696
1525,1,0.7245371641800644
1526,7,0.7574651283969664
1527,3,0.8071177470053893
1528,2,0.6872892787909722
1529,49,0.8007374029168081
1530,1,0.7788007830714049
1531,1,0.6270890852730562
1532,1,0.0
1533,2,0.8187307530779818
1534,1,0.6376281516217733
1535,2,0.8464817248906141
1536,1,0.5580351457700471
1537,1,0.8643017414713641
1538,3,0.42269216334072857
1539,0,0.0
1540,3,0.8187307530779818
1541,1,0.8532265636477703
1542,2,0.7165313105737893
1543,8,0.6872892787909722
1544,5,0.6592406302004438
1545,6,0.5795782787848095
1546,1,0.6192992595476848
1547,6,0.6065306597126334
1548,2,0.5866462195100318
1549,20,0.8187307530779818
1550,3,0.6996725373751304
1551,2,0.7316156289466418
1552,3,0.8007374029168081
1553,12,0.8464817248906141
1554,1,0.7254322068880292
1555,11,0.8337529180751806
1556,2,0.645648526427892
1557,3,0.8285863790089869
1558,1,0.0
1559,14,0.8324906126116027
1560,0,0.0
1561,3,0.7165313105737893
1562,5,0.7165313105737893
1563,4,0.7707303812317476
1564,2,0.5257880244257798
1565,1,0.5324304340028275
1566,2,0.8464817248906141
1567,2,0.645648526427892
1568,3,0.8071177470053893
1569,1,0.0
1570,4,0.6872892787909722
1571,2,0.6065306597126334
1572,1,0.4988476475127914
1573,0,0.8290291181804004
1574,3,0.530819450562014
1575,2,0.6026049086745107
1576,6,0.5187931656538893
1577,4,0.898397321348071
1578,1,0.620971191741329
1579,2,0.751477293075286
1580,5,0.6065306597126334
1581,13,0.8824969025845955
1582,30,0.5616237838971456
1583,1,0.7408182206817179
1584,6,0.6514390575310556
1585,6,0.6065306597126334
1586,4,0.46519150361298883
1587,1,0.8607079764250578
1588,4,0.6592406302004438
1589,2,0.8356986649599262
1590,15,0.583645478143574
1591,4,0.5769498103804866
1592,1,0.7788007830714049
1593,14,0.8187307530779818
1594,13,0.7408182206817179
1595,1,0.43739304269062246
1596,2,0.788127627745311
1597,8,0.5737534207374327
1598,1,0.9355069850316178
1599,29,0.6376281516217733
1600,3,0.6065306597126334
1601,1,0.7244706348964071
1602,4,0.5769498103804866
1603,4,0.5795782787848095
1604,4,0.8007374029168081
1605,1,0.48030530108979935
1606,1,0.5647181220077593
1607,2,0.7490954336047508
1608,5,0.4856717852477124
1609,4,0.8607079764250578
1610,5,0.6150134686871545
1611,1,0.7254322068880292
1612,1,0.7408182206817179
1613,4,0.6065306597126334
1614,2,0.7691263643685705
1615,2,0.7788007830714049
1616,3,0.8464817248906141
1617,4,0.7408182206817179
1618,1,0.7117703227626098
1619,3,0.645648526427892
1620,1,0.0
1621,8,0.7165313105737893
1622,4,0.6872892787909722
1623,4,0.4723665527410147
1624,4,0.751477293075286
1625,4,0.7788007830714049
1626,4,0.6732729930152447
1627,2,0.751477293075286
1628,7,0.8607079764250578
1629,1,0.0
1630,6,0.6065306597126334
1631,3,0.6703200460356392
1632,3,0.48432456895536247
1633,4,0.9105103613800342
1634,1,0.0
1635,1,0.8106843242768653
1636,0,0.0
1637,1,0.7046880897187134
1638,5,0.6703200460356393
1639,1,0.0
1640,1,0.7066482778577162
1641,6,0.5647181220077593
1642,5,0.8464817248906141
1643,1,0.5021336855390238
1644,2,0.7659283383646487
1645,8,0.6872892787909722
1646,3,0.751477293075286
1647,2,0.4723665527410147
1648,4,0.6323366621862497
1649,3,0.7918895663367816
1650,1,0.0
1651,7,0.6065306597126334
1652,10,0.5616237838971456
1653,10,0.5795782787848095
1654,3,0.7659283383646487
1655,1,0.7408182206817179
1656,6,0.6065306597126334
1657,1,0.6241100453532709
1658,2,0.8464817248906141
1659,1,0.5674136687970038
1660,0,0.0
1661,0,0.7881276277453111
1662,3,0.7046880897187134
1663,3,0.6592406302004438
1664,0,0.0
1665,4,0.6872892787909722
1666,9,0.9200444146293233
1667,0,0.0
1668,4,0.6703200460356393
1669,0,0.6233000389188902
1670,8,0.6872892787909722
1671,1,0.6592406302004438
1672,3,0.6285839333986252
1673,2,0.6703200460356393
1674,2,0.7097395956891255
1675,13,0.6065306597126335
1676,4,0.751477293075286
1677,1,0.5488116360940265
1678,2,0.7591846852720217
1679,1,0.7788007830714049
1680,1,0.8187307530779818
1681,3,0.5647181220077593
1682,2,0.925961078642316
1683,3,0.9048374180359595
1684,20,0.8574039191604412
1685,1,0.7165313105737893
1686,11,0.7408182206817179
1687,7,0.7470175003104326
1688,2,0.592260016295893
1689,1,0.0
1690,24,0.8574039191604412
1691,3,0.8464817248906141
1692,8,0.6951439283988787
1693,4,0.8187307530779818
1694,1,0.6065306597126334
1695,1,0.8424604416167714
1696,1,0.5257880244257798
1697,1,0.6501478011504219
1698,6,0.7877012671239861
1699,7,0.5538235798307587
1700,8,0.6872892787909722
1701,7,0.7639669352423403
1702,8,0.7316156289466418
1703,4,0.6323366621862497
1704,2,0.6872892787909722
1705,1,0.8007374029168081
1706,0,0.0
1707,4,0.6411803884299546
1708,2,0.7046880897187134
1709,1,0.9162188716508777
1710,1,0.8290291181804004
1711,3,0.7303103382513573
1712,1,0.0
1713,1,0.5544694381597403
1714,1,0.4856717852477124
1715,3,0.925961078642316
1716,1,0.6411803884299546
1717,2,0.6065306597126334
1718,3,0.6703200460356393
1719,9,0.9048374180359595
1720,1,0.0
1721,1,0.7894935331710389
1722,2,0.6951439283988787
1723,0,0.0
1724,1,0.6241100453532709
1725,6,0.6065306597126334
1726,5,0.6065306597126334
1727,2,0.6729367767960086
1728,3,0.6376281516217733
1729,1,0.8464817248906141
1730,1,0.0
1731,0,0.811936346150635
1732,1,0.5352614285189903
1733,6,0.7408182206817179
1734,1,0.8464817248906141
1735,2,0.7046880897187134
1736,1,0.0
1737,8,0.7165313105737893
1738,6,0.8007374029168081
1739,5,0.6065306597126334
1740,5,0.811936346150635
1741,2,0.6211451576154515
1742,1,0.6065306597126334
1743,20,0.8607079764250578
1744,2,0.7501745301084454
1745,9,0.9131007162822623
1746,9,0.5795782787848095
1747,2,0.7744861083592838
1748,2,0.751477293075286
1749,2,0.7408182206817179
1750,3,0.7985162187593771
1751,3,0.6065306597126334
1752,2,0.6065306597126334
1753,4,0.7738244372262367
1754,3,0.44506995384276243
1755,6,0.8187307530779818
1756,3,0.7408182206817179
1757,1,0.6671356337677987
1758,1,0.6108785311943259
1759,2,0.5687662633152997
1760,1,0.6703200460356393
1761,1,0.0
1762,1,0.8668778997501816
1763,3,0.6065306597126334
1764,7,0.8607079764250578
1765,4,0.7738244372262367
1766,2,0.7408182206817179
1767,5,0.6065306597126334
1768,2,0.6872892787909722
1769,1,0.8607079764250578
1770,1,0.8556925346610108
1771,1,0.0
1772,6,0.9277434863285529
1773,5,0.6178673543839127
1774,1,0.0
1775,8,0.7165313105737893
1776,4,0.6951439283988787
1777,1,0.9200444146293233
1778,1,0.0
1779,3,0.513417119032592
1780,2,0.6065306597126333
1781,1,0.4345982085070782
1782,1,0.7659283383646487
1783,4,0.8668778997501816
1784,1,0.6996725373751304
1785,1,0.7457735080913922
1786,3,0.7847231940537559
1787,0,0.0
1788,1,0.0
1789,3,0.5769498103804866
1790,3,0.6996725373751304
1791,2,0.7542350048231139
1792,4,0.6550282443857736
1793,3,0.7774404327047932
1794,4,0.4723665527410147
1795,1,0.6376281516217733
1796,1,0.5257880244257798
1797,13,0.6065306597126334
1798,1,0.8910233766955563
1799,1,0.8041666799260787
1800,1,0.7165313105737893
1801,4,0.7316156289466418
1802,0,0.5454955638202434
1803,1,0.0
1804,3,0.8035225736890608
1805,3,0.9048374180359595
1806,1,0.6200085702702665
1807,2,0.7542350048231139
1808,1,0.0
1809,1,0.645648526427892
1810,1,0.0
1811,3,0.7939226578179512
1812,2,0.7408182206817179
1813,2,0.6778095780054504
1814,7,0.8232919154257804
1815,2,0.7557837414557255
1816,1,0.5616237838971456
1817,5,0.6065306597126335
1818,8,0.846481724890614
1819,7,0.5427474811642219
1820,2,0.7939226578179512
1821,26,0.7613003866968737
1822,1,0.5488116360940265
1823,4,0.7788007830714049
1824,1,0.6330898921891813
1825,1,0.6065306597126334
1826,4,0.7650170614485747
1827,3,0.8725252928694238
1828,2,0.8668778997501816
1829,3,0.6514390575310556
1830,3,0.9048374180359595
1831,0,0.0
1832,5,0.7827844101269198
1833,1,0.7165313105737893
1834,3,0.8464817248906141
1835,2,0.7788007830714049
1836,1,0.6065306597126334
1837,5,0.9355069850316178
1838,5,0.7939226578179512
1839,2,0.6703200460356393
1840,1,0.6778095780054504
1841,4,0.5769498103804866
1842,4,0.4557940183280172
1843,1,0.5488116360940265
1844,1,0.7165313105737893
1845,1,0.7408182206817179
1846,1,0.4125422448610912
1847,12,0.6872892787909722
1848,2,0.6904785504771092
1849,1,0.6703200460356393
1850,7,0.6514390575310556
1851,3,0.8824969025845955
1852,5,0.522045776761016
1853,1,0.6268594243764208
1854,1,0.7165313105737893
1855,5,0.6065306597126335
1856,5,0.7613003866968737
1857,7,0.7574651283969664
1858,3,0.7470175003104326
1859,1,0.5352614285189903
1860,4,0.7408182206817179
1861,3,0.8187307530779818
1862,4,0.7866278610665535
1863,7,0.751477293075286
1864,3,0.8464817248906141
1865,11,0.8071177470053893
1866,2,0.4723665527410147
1867,2,0.6065306597126334
1868,1,0.7788007830714049
1869,7,0.6613569706978392
1870,3,0.7595721232249685
1871,1,0.830950389901292
1872,3,0.7788007830714049
1873,3,0.5220457767610159
1874,2,0.8221732038814473
1875,7,0.9048374180359595
1876,1,0.0
1877,2,0.8187307530779818
1878,1,0.8007374029168081
1879,3,0.8804935052562111
1880,1,0.6065306597126334
1881,3,0.7613003866968737
1882,2,0.7788007830714049
1883,4,0.6514390575310556
1884,2,0.6065306597126334
1885,0,0.0
1886,2,0.7303103382513573
1887,2,0.7967034698934615
1888,1,0.6023332325109177
1889,1,0.7408182206817179
1890,6,0.8007374029168081
1891,2,0.6187833918061408
1892,3,0.8464817248906141
1893,2,0.7967034698934615
1894,6,0.9105103613800342
1895,9,0.7425841750805116
1896,6,0.7165313105737893
1897,2,0.5461081359780512
1898,8,0.7074036474040617
1899,3,0.5647181220077593
1900,3,0.7408182206817179
1901,3,0.5538235798307587
1902,3,0.8187307530779818
1903,1,0.5488116360940265
1904,1,0.6872892787909722
1905,3,0.6065306597126334
1906,2,0.7408182206817179
1907,2,0.5899144351448397
1908,4,0.6703200460356393
1909,2,0.898397321348071
1910,1,0.6778095780054504
1911,7,0.6514390575310556
1912,2,0.751477293075286
1913,1,0.7788007830714049
1914,0,0.0
1915,1,0.8290291181804004
1916,9,0.6807123983233854
1917,22,0.5616237838971456
1918,1,0.8607079764250578
1919,5,0.7408182206817179
1920,1,0.5352614285189903
1921,8,0.6872892787909722
1922,1,0.8290291181804004
1923,1,0.830950389901292
1924,3,0.8910233766955563
1925,3,0.6550282443857736
1926,2,0.6592406302004438
1927,2,0.6850899549786047
1928,8,0.6807123983233854
1929,2,0.7744861083592838
1930,1,0.6514390575310556
1931,3,0.751477293075286
1932,1,0.5769498103804866
1933,3,0.8464817248906141
1934,1,0.0
1935,0,0.0
1936,1,0.8607079764250578
1937,5,0.7939226578179512
1938,0,0.0
1939,9,0.7165313105737893
1940,3,0.7088184542277387
1941,1,0.5712090638488149
1942,1,0.0
1943,9,0.7470175003104326
1944,1,0.6172275746281275
1945,1,0.8221732038814473
1946,4,0.7122789117533131
1947,3,0.44506995384276243
1948,0,0.6724514275370008
1949,3,0.8290291181804004
1950,6,0.751477293075286
1951,3,0.8824969025845955
1952,1,0.6376281516217733
1953,9,0.7951959897951257
1954,8,0.7165313105737893
1955,6,0.7574651283969664
1956,5,0.8607079764250578
1957,2,0.4965853037914095
1958,1,0.5769498103804866
1959,1,0.7165313105737893
1960,4,0.8337529180751806
1961,1,0.8106843242768653
1962,24,0.6930406200864415
1963,5,0.8337529180751806
1964,2,0.6026049086745107
1965,2,0.8948393168143698
1966,5,0.6872892787909722
1967,3,0.6411803884299546
1968,7,0.6872892787909722
1969,9,0.6347364189402819
1970,2,0.4094841251523642
1971,0,0.0
1972,1,0.7408182206817179
1973,5,0.771622946715411
1974,2,0.6872892787909722
1975,4,0.7788007830714049
1976,3,0.645648526427892
1977,3,0.6930406200864415
1978,1,0.6930406200864415
1979,3,0.7408182206817179
1980,6,0.6411803884299546
1981,3,0.6065306597126334
1982,4,0.8574039191604412
1983,4,0.7639669352423403
1984,3,0.8693582353988059
1985,6,0.5427474811642219
1986,1,0.7831394949065555
1987,2,0.9048374180359595
1988,5,0.7574651283969664
1989,2,0.7482635675785653
1990,3,0.8464817248906141
1991,2,0.751477293075286
1992,2,0.7828961327286179
1993,3,0.8007374029168081
1994,2,0.6951439283988787
1995,5,0.7408182206817179
1996,1,0.0
1997,1,0.0
1998,16,0.8337529180751806
1999,2,0.5929013373120886
2000,2,0.6642538428642953
2001,4,0.8668778997501816
2002,1,0.5272924240430485
2003,6,0.7574651283969664
2004,2,0.8925824723203238
2005,2,0.8337529180751806
2006,4,0.8187307530779818
2007,1,0.6778095780054504
2008,2,0.4965853037914095
2009,3,0.6065306597126333
2010,2,0.8464817248906141
2011,2,0.7744861083592838
2012,3,0.7251124219221319
2013,3,0.8187307530779818
2014,4,0.6884357160212701
2015,4,0.540432996486534
2016,33,0.811936346150635
2017,7,0.4723665527410147
2018,2,0.6326880579328005
2019,1,0.7165313105737893
2020,1,0.7788007830714049
2021,2,0.6065306597126333
2022,4,0.7951959897951257
2023,3,0.7408182206817179
2024,1,0.8410729144396827
2025,0,0.0
2026,2,0.6065306597126334
2027,1,0.7165313105737893
2028,1,0.8007374029168081
2029,2,0.8948393168143698
2030,0,0.0
2031,3,0.6930406200864415
2032,7,0.4723665527410147
2033,1,0.8229949661357898
2034,3,0.6411803884299546
2035,1,0.6996725373751304
2036,1,0.6703200460356393
2037,9,0.5427474811642219
2038,2,0.8668778997501816
2039,1,0.8668778997501816
2040,1,0.6065306597126334
2041,4,0.780466666464859
2042,2,0.6703200460356393
2043,12,0.6065306597126334
2044,6,0.645648526427892
2045,5,0.513417119032592
2046,1,0.5866462195100318
2047,0,0.7408182206817179
2048,2,0.6872892787909722
2049,2,0.6592406302004438
2050,3,0.8668778997501816
2051,3,0.8071177470053893
2052,10,0.7165313105737893
2053,8,0.4856717852477124
2054,3,0.8200313576546941
2055,2,0.4398029156342561
2056,1,0.0
2057,2,0.7967034698934616
2058,4,0.7165313105737893
2059,2,0.453089017280169
2060,6,0.7863253700642956
2061,1,0.6065306597126334
2062,1,0.7828961327286179
2063,2,0.7408182206817179
2064,4,0.6951439283988787
2065,4,0.8607079764250578
2066,1,0.6592406302004438
2067,1,0.5911762837233567
2068,1,0.830950389901292
2069,1,0.8824969025845955
2070,1,0.6411803884299546
2071,6,0.4895416595569531
2072,12,0.5737534207374327
2073,1,0.5769498103804866
2074,2,0.6787516342514144
2075,6,0.6778095780054504
2076,1,0.5866462195100318
2077,1,0.8668778997501816
2078,1,0.8545819669589086
2079,1,0.0
2080,30,0.6376281516217733
2081,2,0.6872892787909722
2082,4,0.7918895663367816
2083,4,0.7408182206817179
2084,20,0.6065306597126334
2085,2,0.6065306597126334
2086,1,0.8594048608885093
2087,1,0.0
2088,6,0.6988400894812683
2089,1,0.0
2090,4,0.6872892787909722
2091,2,0.5807248229785978
2092,7,0.4723665527410147
2093,2,0.8007374029168081
2094,1,0.7788007830714049
2095,1,0.0
2096,1,0.5894464348241792
2097,9,0.7165313105737893
2098,1,0.0
2099,3,0.5488116360940265
2100,1,0.7074036474040617
2101,1,0.4965853037914096
2102,6,0.8725252928694238
2103,6,0.4723665527410147
2104,1,0.5352614285189903
2105,5,0.5647181220077593
2106,1,0.5488116360940265
2107,1,0.513417119032592
2108,3,0.7165313105737893
2109,1,0.5066169923655897
2110,2,0.6592406302004438
2111,4,0.9200444146293233
2112,0,0.0
2113,1,0.6215589784912998
2114,3,0.8751733190429475
2115,3,0.6661436107034878
2116,1,0.7093300517906892
2117,3,0.5647181220077593
2118,3,0.6347364189402819
2119,3,0.5488116360940265
2120,2,0.6065306597126334
2121,1,0.6440364210831413
2122,3,0.6592406302004438
2123,8,0.6411803884299546
2124,2,0.7165313105737893
2125,4,0.7788007830714049
2126,4,0.6347364189402819
2127,2,0.6703200460356393
2128,1,0.0
2129,3,0.522045776761016
2130,1,0.6703200460356393
2131,15,0.6411803884299546
2132,1,0.9200444146293233
2133,1,0.6376281516217733
2134,1,0.702883511731197
2135,1,0.5769498103804866
2136,6,0.8594048608885093
2137,1,0.6872892787909722
2138,1,0.6065306597126334
2139,2,0.7367139751383992
2140,2,0.6872892787909721
2141,6,0.6514390575310556
2142,2,0.830950389901292
2143,6,0.8607079764250578
2144,10,0.7303103382513573
2145,2,0.595795886519135
2146,3,0.7970078456184683
2147,2,0.7165313105737893
2148,5,0.8607079764250578
2149,2,0.5618779698099369
2150,1,0.0
2151,1,0.0
2152,5,0.7903383629814982
2153,1,0.6270890852730562
2154,1,0.8187307530779818
2155,1,0.5769498103804866
2156,1,0.7046880897187134
2157,1,0.6065306597126334
2158,1,0.6270890852730562
2159,5,0.7939226578179512
2160,8,0.5795782787848095
2161,1,0.6930406200864415
2162,3,0.8600251458568196
2163,2,0.6872892787909722
2164,1,0.7490954336047507
2165,6,0.6872892787909722
2166,2,0.6872892787909722
2167,1,0.6147084781312011
2168,3,0.6872892787909722
2169,5,0.8948393168143698
2170,6,0.6514390575310556
2171,0,0.6872892787909722
2172,3,0.8835481197356343
2173,19,0.7639669352423403
2174,0,0.0
2175,2,0.6065306597126334
2176,1,0.6778095780054503
2177,2,0.522045776761016
2178,1,0.7574651283969664
2179,7,0.6376281516217733
2180,2,0.6065306597126334
2181,6,0.6065306597126334
2182,3,0.7574651283969664
2183,1,0.9131007162822623
2184,1,0.7788007830714049
2185,2,0.6703200460356393
2186,3,0.8071177470053893
2187,1,0.7367139751383992
2188,6,0.8594048608885093
2189,2,0.751477293075286
2190,3,0.7967034698934616
2191,1,0.7812082024342465
2192,6,0.8119363461506349
2193,2,0.8824969025845955
2194,8,0.8290291181804004
2195,2,0.7470175003104326
2196,2,0.6034439963673086
2197,2,0.6320267691945677
2198,2,0.6285839333986252
2199,3,0.4723665527410147
2200,3,0.5404329964865341
2201,1,0.6065306597126334
2202,6,0.6514390575310556
2203,15,0.6872892787909722
2204,1,0.0
2205,15,0.6514390575310556
2206,5,0.5647181220077593
2207,9,0.7574651283969664
2208,8,0.6872892787909722
2209,2,0.6065306597126334
2210,8,0.6872892787909722
2211,1,0.8607079764250578
2212,2,0.8464817248906141
2213,3,0.6065306597126334
2214,3,0.8824969025845955
2215,1,0.6065306597126334
2216,0,0.0
2217,4,0.8668778997501816
2218,2,0.6065306597126334
2219,3,0.6703200460356393
2220,3,0.7729230693174647
2221,2,0.7639669352423402
2222,4,0.7046880897187134
2223,10,0.7165313105737893
2224,6,0.8464817248906141
2225,4,0.6778095780054504
2226,1,0.0
2227,4,0.5632261331224592
2228,3,0.8607079764250578
2229,3,0.7788007830714049
2230,4,0.7408182206817179
2231,2,0.8464817248906141
2232,9,0.6065306597126334
2233,8,0.7165313105737893
2234,4,0.7788007830714049
2235,1,0.5769498103804866
2236,3,0.8464817248906141
2237,4,0.6592406302004438
2238,1,0.7744861083592838
2239,5,0.5737534207374327
2240,1,0.0
2241,7,0.5427474811642219
2242,2,0.5924259386974682
2243,0,0.0
2244,3,0.8071177470053893
2245,0,0.5257880244257798
2246,2,0.6065306597126334
2247,1,0.6778095780054503
2248,1,0.5852511043074123
2249,8,0.6807123983233854
2250,3,0.751477293075286
2251,2,0.7838091310307211
2252,3,0.9048374180359595
2253,4,0.8948393168143698
2254,2,0.6065306597126334
2255,5,0.6592406302004438
2256,2,0.5795782787848095
2257,3,0.7939226578179512
2258,3,0.5769498103804866
2259,1,0.751477293075286
2260,1,0.6682711835087926
2261,0,0.8751733190429475
2262,2,0.4965853037914095
2263,1,0.9200444146293233
2264,1,0.7408182206817179
2265,0,0.0
2266,5,0.6065306597126334
2267,3,0.6951439283988787
2268,2,0.8187307530779818
2269,3,0.8337529180751806
2270,0,0.0
2271,1,0.0
2272,3,0.6065306597126334
2273,3,0.705247587974144
2274,2,0.6347364189402819
2275,1,0.4996349480975594
2276,3,0.7351414805916845
2277,1,0.70175799794189
2278,3,0.7939226578179512
2279,2,0.7744861083592838
2280,5,0.7788007830714049
2281,3,0.8515353321631064
2282,2,0.8607079764250578
2283,6,0.8464817248906141
2284,5,0.6951439283988787
2285,1,0.8007374029168081
2286,8,0.6323366621862497
2287,2,0.8464817248906141
2288,7,0.6514390575310556
2289,3,0.8187307530779818
2290,5,0.6347364189402819
2291,2,0.8187307530779818
2292,5,0.9048374180359595
2293,2,0.7732577404831906
2294,3,0.8187307530779818
2295,1,0.0
2296,1,0.5795782787848095
2297,3,0.7788007830714049
2298,1,0.0
2299,1,0.0
2300,1,0.6241100453532709
2301,4,0.5427474811642219
2302,3,0.8337529180751806
2303,1,0.8007374029168081
2304,1,0.6211451576154515
2305,15,0.6872892787909722
2306,1,0.7165313105737893
2307,10,0.645648526427892
2308,3,0.7613003866968737
2309,1,0.8607079764250578
2310,0,0.0
2311,22,0.6152575700805322
2312,1,0.6470743231102614
2313,10,0.7967034698934615
2314,3,0.6411803884299546
2315,4,0.8824969025845955
2316,0,0.0
2317,7,0.6065306597126334
2318,2,0.751477293075286
2319,7,0.7639669352423403
2320,18,0.8337529180751806
2321,3,0.8515353321631064
2322,0,0.0
2323,2,0.7828961327286179
2324,2,0.5320848121817952
2325,2,0.7721463026575184
2326,3,0.8305108499010163
2327,6,0.6514390575310556
2328,1,0.7254322068880292
2329,4,0.7788007830714049
2330,1,0.0
2331,1,0.6872892787909722
2332,6,0.8119363461506349
2333,4,0.5627048688069557
2334,8,0.7574651283969664
2335,3,0.6270890852730561
2336,5,0.8824969025845955
2337,2,0.6065306597126333
2338,4,0.8464817248906141
2339,3,0.8071177470053893
2340,1,0.7117703227626097
2341,3,0.7659283383646487
2342,1,0.6270890852730561
2343,3,0.5611439686474896
2344,2,0.7639669352423403
2345,2,0.7490954336047508
2346,5,0.5769498103804866
2347,1,0.7744861083592838
2348,2,0.6872892787909722
2349,3,0.5769498103804866
2350,8,0.6872892787909722
2351,8,0.6065306597126334
2352,3,0.6065306597126334
2353,4,0.6065306597126334
2354,3,0.751477293075286
2355,5,0.7046880897187134
2356,6,0.7165313105737893
2357,1,0.6211451576154515
2358,4,0.8607079764250578
2359,2,0.6411803884299546
2360,3,0.6703200460356393
2361,2,0.4584060113052235
2362,2,0.6872892787909722
2363,4,0.7939226578179512
2364,1,0.6065306597126334
2365,2,0.6653730571622696
2366,4,0.7417809472788466
2367,8,0.6951439283988787
2368,1,0.5801640071622538
2369,4,0.6065306597126334
2370,10,0.8232919154257804
2371,1,0.8464817248906141
2372,1,0.6065306597126334
2373,13,0.7165313105737893
2374,4,0.7967034698934616
2375,1,0.0
2376,8,0.6872892787909722
2377,5,0.8607079764250578
2378,1,0.5488116360940265
2379,1,0.0
2380,0,0.6036492843382384
2381,3,0.6592406302004438
2382,1,0.7408182206817179
2383,3,0.7165313105737893
2384,1,0.0
2385,2,0.811936346150635
2386,3,0.6703200460356392
2387,1,0.6065306597126334
2388,1,0.6703200460356393
2389,1,0.6703200460356393
2390,1,0.7408182206817179
2391,11,0.6152575700805322
2392,2,0.7408182206817179
2393,1,0.0
2394,6,0.6514390575310556
2395,1,0.7408182206817179
2396,2,0.7225273536420722
2397,15,0.44700083999146134
2398,9,0.4617520257827378
2399,2,0.7501745301084454
2400,0,0.46455902036091146
2401,8,0.6872892787909722
2402,1,0.8410729144396827
2403,1,0.5712090638488149
2404,1,0.6065306597126334
2405,3,0.8861410690724997
2406,1,0.43980291563425605
2407,5,0.5647181220077593
2408,4,0.6065306597126334
2409,3,0.6065306597126334
2410,2,0.5795782787848095
2411,3,0.8607079764250578
2412,1,0.6671356337677987
2413,0,0.8635817900415641
2414,4,0.8464817248906141
2415,13,0.7613003866968737
2416,7,0.7165313105737893
2417,0,0.0
2418,1,0.4856717852477124
2419,25,0.6347364189402819
2420,3,0.7303103382513573
2421,3,0.751477293075286
2422,2,0.7788007830714049
2423,3,0.5580351457700471
2424,2,0.5580351457700471
2425,1,0.7408182206817179
2426,1,0.5795782787848095
2427,2,0.6872892787909722
2428,2,0.6347364189402819
2429,8,0.6661436107034878
2430,8,0.7165313105737893
2431,1,0.6411803884299546
2432,1,0.6592406302004438
2433,3,0.876456564149045
2434,1,0.6778095780054504
2435,7,0.513417119032592
2436,1,0.8196616577566904
2437,3,0.7369797929147468
2438,12,0.6703200460356393
2439,0,0.5488116360940265
2440,1,0.5488116360940265
2441,2,0.6065306597126334
2442,2,0.8772595476606083
2443,6,0.7165313105737893
2444,1,0.0
2445,1,0.7788007830714049
2446,1,0.6592406302004438
2447,2,0.7165313105737893
2448,1,0.4856717852477124
2449,2,0.6514390575310556
2450,2,0.6671356337677987
2451,2,0.5647181220077593
2452,5,0.6065306597126334
2453,1,0.0
2454,2,0.4856717852477124
2455,2,0.7550642900665238
2456,1,0.6201599950027585
2457,5,0.9355069850316178
2458,7,0.6411803884299546
2459,4,0.5817778142098083
2460,2,0.7225273536420722
2461,6,0.6065306597126334
2462,4,0.7597808255517845
2463,3,0.49246428767540973
2464,2,0.8910233766955563
2465,22,0.8574039191604412
2466,5,0.9105103613800342
2467,1,0.0
2468,2,0.676633846161729
2469,5,0.8607079764250578
2470,5,0.5647181220077593
2471,3,0.9108898197456121
2472,3,0.9048374180359595
2473,2,0.6872892787909722
2474,6,0.8725252928694238
2475,5,0.7408182206817179
2476,3,0.5769498103804866
2477,1,0.5712090638488149
2478,9,0.7788007830714049
2479,1,0.6703200460356392
2480,2,0.6872892787909722
2481,2,0.513417119032592
2482,3,0.7659283383646487
2483,3,0.8824969025845955
2484,1,0.6411803884299546
2485,1,0.8290291181804004
2486,3,0.6376281516217733
2487,2,0.8221732038814473
2488,3,0.8397902047381501
2489,5,0.8824969025845955
2490,5,0.6807123983233854
2491,4,0.6951439283988787
2492,1,0.6147084781312011
2493,2,0.8566191101359382
2494,4,0.7939226578179513
2495,2,0.5352614285189903
2496,3,0.6634801052198982
2497,9,0.7613003866968737
2498,3,0.6653730571622696
2499,2,0.6729031644098716
